First Name [Required],Last Name [Required],Email Address [Required],Password [Required],Password Hash Function [UPLOAD ONLY],Org Unit Path [Required],New Primary Email [UPLOAD ONLY],Recovery Email,Home Secondary Email,Work Secondary Email,Recovery Phone [MUST BE IN THE E.164 FORMAT],Work Phone,Home Phone,Mobile Phone,Work Address,Home Address,Employee ID,Employee Type,Employee Title,Manager Email,Department,Cost Center,Building ID,Floor Name,Floor Section,Change Password at Next Sign-In,New Status [UPLOAD ONLY],Advanced Protection Program enrollment
Karen,Pierce,karen.pierce745@digit.waikatoanimaloutreach.space,Ge3yAgSFYCaQ8c7,,/,,,,,,,,,,,,,,,,,,,,False,,False
Amy,Chapman,amy.chapman705@digit.waikatoanimaloutreach.space,Ge3yAgSFYCaQ8c7,,/,,,,,,,,,,,,,,,,,,,,False,,False
David,Smith,david.smith845@digit.waikatoanimaloutreach.space,Ge3yAgSFYCaQ8c7,,/,,,,,,,,,,,,,,,,,,,,False,,False
David,Horton,david.horton613@digit.waikatoanimaloutreach.space,Ge3yAgSFYCaQ8c7,,/,,,,,,,,,,,,,,,,,,,,False,,False
Stephanie,Combs,stephanie.combs605@digit.waikatoanimaloutreach.space,Ge3yAgSFYCaQ8c7,,/,,,,,,,,,,,,,,,,,,,,False,,False
Rhonda,Wise,rhonda.wise809@digit.waikatoanimaloutreach.space,Ge3yAgSFYCaQ8c7,,/,,,,,,,,,,,,,,,,,,,,False,,False
Jacqueline,Lewis,jacqueline.lewis13@digit.waikatoanimaloutreach.space,Ge3yAgSFYCaQ8c7,,/,,,,,,,,,,,,,,,,,,,,False,,False
Marie,Griffin,marie.griffin700@digit.waikatoanimaloutreach.space,Ge3yAgSFYCaQ8c7,,/,,,,,,,,,,,,,,,,,,,,False,,False
Stephen,Warner,stephen.warner709@digit.waikatoanimaloutreach.space,Ge3yAgSFYCaQ8c7,,/,,,,,,,,,,,,,,,,,,,,False,,False
Erika,Green,erika.green612@digit.waikatoanimaloutreach.space,Ge3yAgSFYCaQ8c7,,/,,,,,,,,,,,,,,,,,,,,False,,False
Tara,Kelly,tara.kelly856@digit.waikatoanimaloutreach.space,Ge3yAgSFYCaQ8c7,,/,,,,,,,,,,,,,,,,,,,,False,,False
Shannon,Smith,shannon.smith61@digit.waikatoanimaloutreach.space,Ge3yAgSFYCaQ8c7,,/,,,,,,,,,,,,,,,,,,,,False,,False
Sonya,Hayden,sonya.hayden137@digit.waikatoanimaloutreach.space,Ge3yAgSFYCaQ8c7,,/,,,,,,,,,,,,,,,,,,,,False,,False
Robert,Graham,robert.graham307@digit.waikatoanimaloutreach.space,Ge3yAgSFYCaQ8c7,,/,,,,,,,,,,,,,,,,,,,,False,,False
Kathleen,Schwartz,kathleen.schwartz58@digit.waikatoanimaloutreach.space,Ge3yAgSFYCaQ8c7,,/,,,,,,,,,,,,,,,,,,,,False,,False
Bruce,Henry,bruce.henry752@digit.waikatoanimaloutreach.space,Ge3yAgSFYCaQ8c7,,/,,,,,,,,,,,,,,,,,,,,False,,False
Lindsay,Miller,lindsay.miller250@digit.waikatoanimaloutreach.space,Ge3yAgSFYCaQ8c7,,/,,,,,,,,,,,,,,,,,,,,False,,False
Mary,Graves,mary.graves862@digit.waikatoanimaloutreach.space,Ge3yAgSFYCaQ8c7,,/,,,,,,,,,,,,,,,,,,,,False,,False
Tom,Lopez,tom.lopez399@digit.waikatoanimaloutreach.space,Ge3yAgSFYCaQ8c7,,/,,,,,,,,,,,,,,,,,,,,False,,False
Patricia,Gregory,patricia.gregory907@digit.waikatoanimaloutreach.space,Ge3yAgSFYCaQ8c7,,/,,,,,,,,,,,,,,,,,,,,False,,False
Erika,Lewis,erika.lewis643@digit.waikatoanimaloutreach.space,Ge3yAgSFYCaQ8c7,,/,,,,,,,,,,,,,,,,,,,,False,,False
Kimberly,Smith,kimberly.smith940@digit.waikatoanimaloutreach.space,Ge3yAgSFYCaQ8c7,,/,,,,,,,,,,,,,,,,,,,,False,,False
Kevin,Wilson,kevin.wilson535@digit.waikatoanimaloutreach.space,Ge3yAgSFYCaQ8c7,,/,,,,,,,,,,,,,,,,,,,,False,,False
James,Delacruz,james.delacruz547@digit.waikatoanimaloutreach.space,Ge3yAgSFYCaQ8c7,,/,,,,,,,,,,,,,,,,,,,,False,,False
Lindsey,Lee,lindsey.lee441@digit.waikatoanimaloutreach.space,Ge3yAgSFYCaQ8c7,,/,,,,,,,,,,,,,,,,,,,,False,,False
Sara,Klein,sara.klein314@digit.waikatoanimaloutreach.space,Ge3yAgSFYCaQ8c7,,/,,,,,,,,,,,,,,,,,,,,False,,False
Kurt,Jones,kurt.jones779@digit.waikatoanimaloutreach.space,Ge3yAgSFYCaQ8c7,,/,,,,,,,,,,,,,,,,,,,,False,,False
Philip,Diaz,philip.diaz291@digit.waikatoanimaloutreach.space,Ge3yAgSFYCaQ8c7,,/,,,,,,,,,,,,,,,,,,,,False,,False
Holly,Shaw,holly.shaw756@digit.waikatoanimaloutreach.space,Ge3yAgSFYCaQ8c7,,/,,,,,,,,,,,,,,,,,,,,False,,False
Deborah,Newton,deborah.newton765@digit.waikatoanimaloutreach.space,Ge3yAgSFYCaQ8c7,,/,,,,,,,,,,,,,,,,,,,,False,,False
Dustin,Robinson,dustin.robinson923@digit.waikatoanimaloutreach.space,Ge3yAgSFYCaQ8c7,,/,,,,,,,,,,,,,,,,,,,,False,,False
Eric,Mills,eric.mills697@digit.waikatoanimaloutreach.space,Ge3yAgSFYCaQ8c7,,/,,,,,,,,,,,,,,,,,,,,False,,False
Deborah,Green,deborah.green459@digit.waikatoanimaloutreach.space,Ge3yAgSFYCaQ8c7,,/,,,,,,,,,,,,,,,,,,,,False,,False
Jack,Wheeler,jack.wheeler707@digit.waikatoanimaloutreach.space,Ge3yAgSFYCaQ8c7,,/,,,,,,,,,,,,,,,,,,,,False,,False
Corey,Moyer,corey.moyer969@digit.waikatoanimaloutreach.space,Ge3yAgSFYCaQ8c7,,/,,,,,,,,,,,,,,,,,,,,False,,False
Nicole,Jenkins,nicole.jenkins799@digit.waikatoanimaloutreach.space,Ge3yAgSFYCaQ8c7,,/,,,,,,,,,,,,,,,,,,,,False,,False
Maria,Chen,maria.chen633@digit.waikatoanimaloutreach.space,Ge3yAgSFYCaQ8c7,,/,,,,,,,,,,,,,,,,,,,,False,,False
Dennis,Romero,dennis.romero513@digit.waikatoanimaloutreach.space,Ge3yAgSFYCaQ8c7,,/,,,,,,,,,,,,,,,,,,,,False,,False
Scott,Miller,scott.miller763@digit.waikatoanimaloutreach.space,Ge3yAgSFYCaQ8c7,,/,,,,,,,,,,,,,,,,,,,,False,,False
Kenneth,Smith,kenneth.smith831@digit.waikatoanimaloutreach.space,Ge3yAgSFYCaQ8c7,,/,,,,,,,,,,,,,,,,,,,,False,,False
Debbie,Smith,debbie.smith782@digit.waikatoanimaloutreach.space,Ge3yAgSFYCaQ8c7,,/,,,,,,,,,,,,,,,,,,,,False,,False
Meghan,Yang,meghan.yang571@digit.waikatoanimaloutreach.space,Ge3yAgSFYCaQ8c7,,/,,,,,,,,,,,,,,,,,,,,False,,False
Bonnie,Watson,bonnie.watson585@digit.waikatoanimaloutreach.space,Ge3yAgSFYCaQ8c7,,/,,,,,,,,,,,,,,,,,,,,False,,False
Michael,Davis,michael.davis296@digit.waikatoanimaloutreach.space,Ge3yAgSFYCaQ8c7,,/,,,,,,,,,,,,,,,,,,,,False,,False
Duane,Fisher,duane.fisher458@digit.waikatoanimaloutreach.space,Ge3yAgSFYCaQ8c7,,/,,,,,,,,,,,,,,,,,,,,False,,False
Michelle,Young,michelle.young117@digit.waikatoanimaloutreach.space,Ge3yAgSFYCaQ8c7,,/,,,,,,,,,,,,,,,,,,,,False,,False
Susan,Stevens,susan.stevens554@digit.waikatoanimaloutreach.space,Ge3yAgSFYCaQ8c7,,/,,,,,,,,,,,,,,,,,,,,False,,False
Stephanie,Thornton,stephanie.thornton679@digit.waikatoanimaloutreach.space,Ge3yAgSFYCaQ8c7,,/,,,,,,,,,,,,,,,,,,,,False,,False
Holly,Davis,holly.davis163@digit.waikatoanimaloutreach.space,Ge3yAgSFYCaQ8c7,,/,,,,,,,,,,,,,,,,,,,,False,,False
Sara,Neal,sara.neal268@digit.waikatoanimaloutreach.space,Ge3yAgSFYCaQ8c7,,/,,,,,,,,,,,,,,,,,,,,False,,False
Sandra,Pierce,sandra.pierce8@digit.waikatoanimaloutreach.space,Ge3yAgSFYCaQ8c7,,/,,,,,,,,,,,,,,,,,,,,False,,False
Kristy,Vargas,kristy.vargas634@digit.waikatoanimaloutreach.space,Ge3yAgSFYCaQ8c7,,/,,,,,,,,,,,,,,,,,,,,False,,False
Carly,Nichols,carly.nichols365@digit.waikatoanimaloutreach.space,Ge3yAgSFYCaQ8c7,,/,,,,,,,,,,,,,,,,,,,,False,,False
Jeffrey,Medina,jeffrey.medina456@digit.waikatoanimaloutreach.space,Ge3yAgSFYCaQ8c7,,/,,,,,,,,,,,,,,,,,,,,False,,False
Eric,Valentine,eric.valentine779@digit.waikatoanimaloutreach.space,Ge3yAgSFYCaQ8c7,,/,,,,,,,,,,,,,,,,,,,,False,,False
Stephen,Wheeler,stephen.wheeler989@digit.waikatoanimaloutreach.space,Ge3yAgSFYCaQ8c7,,/,,,,,,,,,,,,,,,,,,,,False,,False
Alex,Lewis,alex.lewis722@digit.waikatoanimaloutreach.space,Ge3yAgSFYCaQ8c7,,/,,,,,,,,,,,,,,,,,,,,False,,False
Craig,Stewart,craig.stewart587@digit.waikatoanimaloutreach.space,Ge3yAgSFYCaQ8c7,,/,,,,,,,,,,,,,,,,,,,,False,,False
Kathryn,King,kathryn.king977@digit.waikatoanimaloutreach.space,Ge3yAgSFYCaQ8c7,,/,,,,,,,,,,,,,,,,,,,,False,,False
Billy,Quinn,billy.quinn569@digit.waikatoanimaloutreach.space,Ge3yAgSFYCaQ8c7,,/,,,,,,,,,,,,,,,,,,,,False,,False
Sue,Rodriguez,sue.rodriguez595@digit.waikatoanimaloutreach.space,Ge3yAgSFYCaQ8c7,,/,,,,,,,,,,,,,,,,,,,,False,,False
Megan,Torres,megan.torres942@digit.waikatoanimaloutreach.space,Ge3yAgSFYCaQ8c7,,/,,,,,,,,,,,,,,,,,,,,False,,False
Rita,Miller,rita.miller61@digit.waikatoanimaloutreach.space,Ge3yAgSFYCaQ8c7,,/,,,,,,,,,,,,,,,,,,,,False,,False
Scott,Smith,scott.smith526@digit.waikatoanimaloutreach.space,Ge3yAgSFYCaQ8c7,,/,,,,,,,,,,,,,,,,,,,,False,,False
Paul,Raymond,paul.raymond81@digit.waikatoanimaloutreach.space,Ge3yAgSFYCaQ8c7,,/,,,,,,,,,,,,,,,,,,,,False,,False
Faith,Williams,faith.williams640@digit.waikatoanimaloutreach.space,Ge3yAgSFYCaQ8c7,,/,,,,,,,,,,,,,,,,,,,,False,,False
Jennifer,Christian,jennifer.christian55@digit.waikatoanimaloutreach.space,Ge3yAgSFYCaQ8c7,,/,,,,,,,,,,,,,,,,,,,,False,,False
Mark,Patterson,mark.patterson161@digit.waikatoanimaloutreach.space,Ge3yAgSFYCaQ8c7,,/,,,,,,,,,,,,,,,,,,,,False,,False
Gina,Martinez,gina.martinez957@digit.waikatoanimaloutreach.space,Ge3yAgSFYCaQ8c7,,/,,,,,,,,,,,,,,,,,,,,False,,False
Erika,Jones,erika.jones480@digit.waikatoanimaloutreach.space,Ge3yAgSFYCaQ8c7,,/,,,,,,,,,,,,,,,,,,,,False,,False
Robert,Freeman,robert.freeman580@digit.waikatoanimaloutreach.space,Ge3yAgSFYCaQ8c7,,/,,,,,,,,,,,,,,,,,,,,False,,False
Gregory,Caldwell,gregory.caldwell219@digit.waikatoanimaloutreach.space,Ge3yAgSFYCaQ8c7,,/,,,,,,,,,,,,,,,,,,,,False,,False
Bradley,Hodge,bradley.hodge239@digit.waikatoanimaloutreach.space,Ge3yAgSFYCaQ8c7,,/,,,,,,,,,,,,,,,,,,,,False,,False
Andrea,James,andrea.james40@digit.waikatoanimaloutreach.space,Ge3yAgSFYCaQ8c7,,/,,,,,,,,,,,,,,,,,,,,False,,False
Elizabeth,Carey,elizabeth.carey330@digit.waikatoanimaloutreach.space,Ge3yAgSFYCaQ8c7,,/,,,,,,,,,,,,,,,,,,,,False,,False
Alexander,Allen,alexander.allen504@digit.waikatoanimaloutreach.space,Ge3yAgSFYCaQ8c7,,/,,,,,,,,,,,,,,,,,,,,False,,False
Sheila,Shepherd,sheila.shepherd955@digit.waikatoanimaloutreach.space,Ge3yAgSFYCaQ8c7,,/,,,,,,,,,,,,,,,,,,,,False,,False
Jamie,Drake,jamie.drake203@digit.waikatoanimaloutreach.space,Ge3yAgSFYCaQ8c7,,/,,,,,,,,,,,,,,,,,,,,False,,False
Kelly,Walker,kelly.walker990@digit.waikatoanimaloutreach.space,Ge3yAgSFYCaQ8c7,,/,,,,,,,,,,,,,,,,,,,,False,,False
Kelly,Hart,kelly.hart366@digit.waikatoanimaloutreach.space,Ge3yAgSFYCaQ8c7,,/,,,,,,,,,,,,,,,,,,,,False,,False
Rachel,Diaz,rachel.diaz566@digit.waikatoanimaloutreach.space,Ge3yAgSFYCaQ8c7,,/,,,,,,,,,,,,,,,,,,,,False,,False
Thomas,Stark,thomas.stark178@digit.waikatoanimaloutreach.space,Ge3yAgSFYCaQ8c7,,/,,,,,,,,,,,,,,,,,,,,False,,False
Mary,Patterson,mary.patterson221@digit.waikatoanimaloutreach.space,Ge3yAgSFYCaQ8c7,,/,,,,,,,,,,,,,,,,,,,,False,,False
Suzanne,Morris,suzanne.morris252@digit.waikatoanimaloutreach.space,Ge3yAgSFYCaQ8c7,,/,,,,,,,,,,,,,,,,,,,,False,,False
Matthew,Allen,matthew.allen622@digit.waikatoanimaloutreach.space,Ge3yAgSFYCaQ8c7,,/,,,,,,,,,,,,,,,,,,,,False,,False
Gary,Mendez,gary.mendez921@digit.waikatoanimaloutreach.space,Ge3yAgSFYCaQ8c7,,/,,,,,,,,,,,,,,,,,,,,False,,False
Teresa,Young,teresa.young612@digit.waikatoanimaloutreach.space,Ge3yAgSFYCaQ8c7,,/,,,,,,,,,,,,,,,,,,,,False,,False
Paul,Pittman,paul.pittman949@digit.waikatoanimaloutreach.space,Ge3yAgSFYCaQ8c7,,/,,,,,,,,,,,,,,,,,,,,False,,False
Sandra,Brown,sandra.brown982@digit.waikatoanimaloutreach.space,Ge3yAgSFYCaQ8c7,,/,,,,,,,,,,,,,,,,,,,,False,,False
John,Johnson,john.johnson223@digit.waikatoanimaloutreach.space,Ge3yAgSFYCaQ8c7,,/,,,,,,,,,,,,,,,,,,,,False,,False
Sarah,Herring,sarah.herring48@digit.waikatoanimaloutreach.space,Ge3yAgSFYCaQ8c7,,/,,,,,,,,,,,,,,,,,,,,False,,False
Cindy,Dixon,cindy.dixon501@digit.waikatoanimaloutreach.space,Ge3yAgSFYCaQ8c7,,/,,,,,,,,,,,,,,,,,,,,False,,False
Jessica,Reynolds,jessica.reynolds251@digit.waikatoanimaloutreach.space,Ge3yAgSFYCaQ8c7,,/,,,,,,,,,,,,,,,,,,,,False,,False
John,Johnson,john.johnson475@digit.waikatoanimaloutreach.space,Ge3yAgSFYCaQ8c7,,/,,,,,,,,,,,,,,,,,,,,False,,False
Andrea,Edwards,andrea.edwards121@digit.waikatoanimaloutreach.space,Ge3yAgSFYCaQ8c7,,/,,,,,,,,,,,,,,,,,,,,False,,False
Jennifer,Jimenez,jennifer.jimenez464@digit.waikatoanimaloutreach.space,Ge3yAgSFYCaQ8c7,,/,,,,,,,,,,,,,,,,,,,,False,,False
Angel,Washington,angel.washington34@digit.waikatoanimaloutreach.space,Ge3yAgSFYCaQ8c7,,/,,,,,,,,,,,,,,,,,,,,False,,False
Anna,Schroeder,anna.schroeder673@digit.waikatoanimaloutreach.space,Ge3yAgSFYCaQ8c7,,/,,,,,,,,,,,,,,,,,,,,False,,False
Anna,Burke,anna.burke761@digit.waikatoanimaloutreach.space,Ge3yAgSFYCaQ8c7,,/,,,,,,,,,,,,,,,,,,,,False,,False
Ricardo,Jackson,ricardo.jackson561@digit.waikatoanimaloutreach.space,Ge3yAgSFYCaQ8c7,,/,,,,,,,,,,,,,,,,,,,,False,,False
Mario,Brown,mario.brown668@digit.waikatoanimaloutreach.space,Ge3yAgSFYCaQ8c7,,/,,,,,,,,,,,,,,,,,,,,False,,False
John,Dickson,john.dickson134@digit.waikatoanimaloutreach.space,Ge3yAgSFYCaQ8c7,,/,,,,,,,,,,,,,,,,,,,,False,,False
Nicole,Schmitt,nicole.schmitt547@digit.waikatoanimaloutreach.space,Ge3yAgSFYCaQ8c7,,/,,,,,,,,,,,,,,,,,,,,False,,False
Stephen,Hodges,stephen.hodges392@digit.waikatoanimaloutreach.space,Ge3yAgSFYCaQ8c7,,/,,,,,,,,,,,,,,,,,,,,False,,False
Julian,Green,julian.green585@digit.waikatoanimaloutreach.space,Ge3yAgSFYCaQ8c7,,/,,,,,,,,,,,,,,,,,,,,False,,False
Diana,Kane,diana.kane632@digit.waikatoanimaloutreach.space,Ge3yAgSFYCaQ8c7,,/,,,,,,,,,,,,,,,,,,,,False,,False
Lance,Farrell,lance.farrell271@digit.waikatoanimaloutreach.space,Ge3yAgSFYCaQ8c7,,/,,,,,,,,,,,,,,,,,,,,False,,False
Jacob,Delgado,jacob.delgado843@digit.waikatoanimaloutreach.space,Ge3yAgSFYCaQ8c7,,/,,,,,,,,,,,,,,,,,,,,False,,False
Beverly,Smith,beverly.smith921@digit.waikatoanimaloutreach.space,Ge3yAgSFYCaQ8c7,,/,,,,,,,,,,,,,,,,,,,,False,,False
Lori,Moore,lori.moore467@digit.waikatoanimaloutreach.space,Ge3yAgSFYCaQ8c7,,/,,,,,,,,,,,,,,,,,,,,False,,False
Louis,Mills,louis.mills635@digit.waikatoanimaloutreach.space,Ge3yAgSFYCaQ8c7,,/,,,,,,,,,,,,,,,,,,,,False,,False
Linda,Fischer,linda.fischer909@digit.waikatoanimaloutreach.space,Ge3yAgSFYCaQ8c7,,/,,,,,,,,,,,,,,,,,,,,False,,False
Sean,Singh,sean.singh920@digit.waikatoanimaloutreach.space,Ge3yAgSFYCaQ8c7,,/,,,,,,,,,,,,,,,,,,,,False,,False
Ruth,Joseph,ruth.joseph724@digit.waikatoanimaloutreach.space,Ge3yAgSFYCaQ8c7,,/,,,,,,,,,,,,,,,,,,,,False,,False
Emma,Wade,emma.wade165@digit.waikatoanimaloutreach.space,Ge3yAgSFYCaQ8c7,,/,,,,,,,,,,,,,,,,,,,,False,,False
Kim,Morales,kim.morales739@digit.waikatoanimaloutreach.space,Ge3yAgSFYCaQ8c7,,/,,,,,,,,,,,,,,,,,,,,False,,False
Robert,Whitaker,robert.whitaker849@digit.waikatoanimaloutreach.space,Ge3yAgSFYCaQ8c7,,/,,,,,,,,,,,,,,,,,,,,False,,False
Shane,Porter,shane.porter910@digit.waikatoanimaloutreach.space,Ge3yAgSFYCaQ8c7,,/,,,,,,,,,,,,,,,,,,,,False,,False
Christopher,Green,christopher.green264@digit.waikatoanimaloutreach.space,Ge3yAgSFYCaQ8c7,,/,,,,,,,,,,,,,,,,,,,,False,,False
Brian,Davis,brian.davis639@digit.waikatoanimaloutreach.space,Ge3yAgSFYCaQ8c7,,/,,,,,,,,,,,,,,,,,,,,False,,False
Michelle,Allen,michelle.allen345@digit.waikatoanimaloutreach.space,Ge3yAgSFYCaQ8c7,,/,,,,,,,,,,,,,,,,,,,,False,,False
Matthew,Tucker,matthew.tucker534@digit.waikatoanimaloutreach.space,Ge3yAgSFYCaQ8c7,,/,,,,,,,,,,,,,,,,,,,,False,,False
Nicole,Smith,nicole.smith599@digit.waikatoanimaloutreach.space,Ge3yAgSFYCaQ8c7,,/,,,,,,,,,,,,,,,,,,,,False,,False
Christopher,Wilkins,christopher.wilkins634@digit.waikatoanimaloutreach.space,Ge3yAgSFYCaQ8c7,,/,,,,,,,,,,,,,,,,,,,,False,,False
Samuel,Lopez,samuel.lopez97@digit.waikatoanimaloutreach.space,Ge3yAgSFYCaQ8c7,,/,,,,,,,,,,,,,,,,,,,,False,,False
Tom,Cox,tom.cox146@digit.waikatoanimaloutreach.space,Ge3yAgSFYCaQ8c7,,/,,,,,,,,,,,,,,,,,,,,False,,False
April,Wilson,april.wilson250@digit.waikatoanimaloutreach.space,Ge3yAgSFYCaQ8c7,,/,,,,,,,,,,,,,,,,,,,,False,,False
Linda,Baker,linda.baker817@digit.waikatoanimaloutreach.space,Ge3yAgSFYCaQ8c7,,/,,,,,,,,,,,,,,,,,,,,False,,False
Kathleen,Thomas,kathleen.thomas467@digit.waikatoanimaloutreach.space,Ge3yAgSFYCaQ8c7,,/,,,,,,,,,,,,,,,,,,,,False,,False
Michele,Fuller,michele.fuller145@digit.waikatoanimaloutreach.space,Ge3yAgSFYCaQ8c7,,/,,,,,,,,,,,,,,,,,,,,False,,False
David,Hopkins,david.hopkins693@digit.waikatoanimaloutreach.space,Ge3yAgSFYCaQ8c7,,/,,,,,,,,,,,,,,,,,,,,False,,False
Timothy,Garrison,timothy.garrison890@digit.waikatoanimaloutreach.space,Ge3yAgSFYCaQ8c7,,/,,,,,,,,,,,,,,,,,,,,False,,False
Jessica,Sanchez,jessica.sanchez605@digit.waikatoanimaloutreach.space,Ge3yAgSFYCaQ8c7,,/,,,,,,,,,,,,,,,,,,,,False,,False
David,Griffin,david.griffin771@digit.waikatoanimaloutreach.space,Ge3yAgSFYCaQ8c7,,/,,,,,,,,,,,,,,,,,,,,False,,False
Katie,Donovan,katie.donovan361@digit.waikatoanimaloutreach.space,Ge3yAgSFYCaQ8c7,,/,,,,,,,,,,,,,,,,,,,,False,,False
Emily,Hernandez,emily.hernandez843@digit.waikatoanimaloutreach.space,Ge3yAgSFYCaQ8c7,,/,,,,,,,,,,,,,,,,,,,,False,,False
Kevin,Blackburn,kevin.blackburn912@digit.waikatoanimaloutreach.space,Ge3yAgSFYCaQ8c7,,/,,,,,,,,,,,,,,,,,,,,False,,False
Frederick,Bright,frederick.bright18@digit.waikatoanimaloutreach.space,Ge3yAgSFYCaQ8c7,,/,,,,,,,,,,,,,,,,,,,,False,,False
Kyle,Wilson,kyle.wilson592@digit.waikatoanimaloutreach.space,Ge3yAgSFYCaQ8c7,,/,,,,,,,,,,,,,,,,,,,,False,,False
James,Hernandez,james.hernandez769@digit.waikatoanimaloutreach.space,Ge3yAgSFYCaQ8c7,,/,,,,,,,,,,,,,,,,,,,,False,,False
Martha,Logan,martha.logan370@digit.waikatoanimaloutreach.space,Ge3yAgSFYCaQ8c7,,/,,,,,,,,,,,,,,,,,,,,False,,False
Gina,Leach,gina.leach836@digit.waikatoanimaloutreach.space,Ge3yAgSFYCaQ8c7,,/,,,,,,,,,,,,,,,,,,,,False,,False
Mary,Mendoza,mary.mendoza764@digit.waikatoanimaloutreach.space,Ge3yAgSFYCaQ8c7,,/,,,,,,,,,,,,,,,,,,,,False,,False
Dawn,Allen,dawn.allen157@digit.waikatoanimaloutreach.space,Ge3yAgSFYCaQ8c7,,/,,,,,,,,,,,,,,,,,,,,False,,False
Mason,Martinez,mason.martinez603@digit.waikatoanimaloutreach.space,Ge3yAgSFYCaQ8c7,,/,,,,,,,,,,,,,,,,,,,,False,,False
Jacqueline,Hayes,jacqueline.hayes355@digit.waikatoanimaloutreach.space,Ge3yAgSFYCaQ8c7,,/,,,,,,,,,,,,,,,,,,,,False,,False
Melissa,Johnson,melissa.johnson791@digit.waikatoanimaloutreach.space,Ge3yAgSFYCaQ8c7,,/,,,,,,,,,,,,,,,,,,,,False,,False
Jeremy,Lindsey,jeremy.lindsey536@digit.waikatoanimaloutreach.space,Ge3yAgSFYCaQ8c7,,/,,,,,,,,,,,,,,,,,,,,False,,False
Kyle,Olson,kyle.olson635@digit.waikatoanimaloutreach.space,Ge3yAgSFYCaQ8c7,,/,,,,,,,,,,,,,,,,,,,,False,,False
Brenda,Johnson,brenda.johnson699@digit.waikatoanimaloutreach.space,Ge3yAgSFYCaQ8c7,,/,,,,,,,,,,,,,,,,,,,,False,,False
David,Johnson,david.johnson917@digit.waikatoanimaloutreach.space,Ge3yAgSFYCaQ8c7,,/,,,,,,,,,,,,,,,,,,,,False,,False
Nicholas,Whitehead,nicholas.whitehead798@digit.waikatoanimaloutreach.space,Ge3yAgSFYCaQ8c7,,/,,,,,,,,,,,,,,,,,,,,False,,False
Mark,Hernandez,mark.hernandez815@digit.waikatoanimaloutreach.space,Ge3yAgSFYCaQ8c7,,/,,,,,,,,,,,,,,,,,,,,False,,False
Connie,Reed,connie.reed870@digit.waikatoanimaloutreach.space,Ge3yAgSFYCaQ8c7,,/,,,,,,,,,,,,,,,,,,,,False,,False
James,Gutierrez,james.gutierrez817@digit.waikatoanimaloutreach.space,Ge3yAgSFYCaQ8c7,,/,,,,,,,,,,,,,,,,,,,,False,,False
Edwin,Phelps,edwin.phelps413@digit.waikatoanimaloutreach.space,Ge3yAgSFYCaQ8c7,,/,,,,,,,,,,,,,,,,,,,,False,,False
Alexis,Rodriguez,alexis.rodriguez69@digit.waikatoanimaloutreach.space,Ge3yAgSFYCaQ8c7,,/,,,,,,,,,,,,,,,,,,,,False,,False
Daniel,Salazar,daniel.salazar343@digit.waikatoanimaloutreach.space,Ge3yAgSFYCaQ8c7,,/,,,,,,,,,,,,,,,,,,,,False,,False
Jacob,Miranda,jacob.miranda382@digit.waikatoanimaloutreach.space,Ge3yAgSFYCaQ8c7,,/,,,,,,,,,,,,,,,,,,,,False,,False
Aaron,Mason,aaron.mason68@digit.waikatoanimaloutreach.space,Ge3yAgSFYCaQ8c7,,/,,,,,,,,,,,,,,,,,,,,False,,False
Marissa,Pennington,marissa.pennington514@digit.waikatoanimaloutreach.space,Ge3yAgSFYCaQ8c7,,/,,,,,,,,,,,,,,,,,,,,False,,False
James,Mullen,james.mullen880@digit.waikatoanimaloutreach.space,Ge3yAgSFYCaQ8c7,,/,,,,,,,,,,,,,,,,,,,,False,,False
Megan,Turner,megan.turner105@digit.waikatoanimaloutreach.space,Ge3yAgSFYCaQ8c7,,/,,,,,,,,,,,,,,,,,,,,False,,False
Patrick,Daugherty,patrick.daugherty447@digit.waikatoanimaloutreach.space,Ge3yAgSFYCaQ8c7,,/,,,,,,,,,,,,,,,,,,,,False,,False
Tara,Rodriguez,tara.rodriguez287@digit.waikatoanimaloutreach.space,Ge3yAgSFYCaQ8c7,,/,,,,,,,,,,,,,,,,,,,,False,,False
Holly,Combs,holly.combs288@digit.waikatoanimaloutreach.space,Ge3yAgSFYCaQ8c7,,/,,,,,,,,,,,,,,,,,,,,False,,False
Nathaniel,Morris,nathaniel.morris748@digit.waikatoanimaloutreach.space,Ge3yAgSFYCaQ8c7,,/,,,,,,,,,,,,,,,,,,,,False,,False
Joshua,Green,joshua.green240@digit.waikatoanimaloutreach.space,Ge3yAgSFYCaQ8c7,,/,,,,,,,,,,,,,,,,,,,,False,,False
Elizabeth,Mooney,elizabeth.mooney864@digit.waikatoanimaloutreach.space,Ge3yAgSFYCaQ8c7,,/,,,,,,,,,,,,,,,,,,,,False,,False
Michael,Moyer,michael.moyer784@digit.waikatoanimaloutreach.space,Ge3yAgSFYCaQ8c7,,/,,,,,,,,,,,,,,,,,,,,False,,False
Christine,Davis,christine.davis843@digit.waikatoanimaloutreach.space,Ge3yAgSFYCaQ8c7,,/,,,,,,,,,,,,,,,,,,,,False,,False
Nathan,Mullen,nathan.mullen187@digit.waikatoanimaloutreach.space,Ge3yAgSFYCaQ8c7,,/,,,,,,,,,,,,,,,,,,,,False,,False
Daniel,Castro,daniel.castro465@digit.waikatoanimaloutreach.space,Ge3yAgSFYCaQ8c7,,/,,,,,,,,,,,,,,,,,,,,False,,False
Cody,Hill,cody.hill658@digit.waikatoanimaloutreach.space,Ge3yAgSFYCaQ8c7,,/,,,,,,,,,,,,,,,,,,,,False,,False
Brittany,Phillips,brittany.phillips413@digit.waikatoanimaloutreach.space,Ge3yAgSFYCaQ8c7,,/,,,,,,,,,,,,,,,,,,,,False,,False
Ryan,Gordon,ryan.gordon96@digit.waikatoanimaloutreach.space,Ge3yAgSFYCaQ8c7,,/,,,,,,,,,,,,,,,,,,,,False,,False
Nicole,Kim,nicole.kim416@digit.waikatoanimaloutreach.space,Ge3yAgSFYCaQ8c7,,/,,,,,,,,,,,,,,,,,,,,False,,False
Jeffery,Cooley,jeffery.cooley929@digit.waikatoanimaloutreach.space,Ge3yAgSFYCaQ8c7,,/,,,,,,,,,,,,,,,,,,,,False,,False
Kelly,Wilson,kelly.wilson361@digit.waikatoanimaloutreach.space,Ge3yAgSFYCaQ8c7,,/,,,,,,,,,,,,,,,,,,,,False,,False
Alexandra,Allen,alexandra.allen736@digit.waikatoanimaloutreach.space,Ge3yAgSFYCaQ8c7,,/,,,,,,,,,,,,,,,,,,,,False,,False
Amanda,Page,amanda.page986@digit.waikatoanimaloutreach.space,Ge3yAgSFYCaQ8c7,,/,,,,,,,,,,,,,,,,,,,,False,,False
Daniel,Mercer,daniel.mercer509@digit.waikatoanimaloutreach.space,Ge3yAgSFYCaQ8c7,,/,,,,,,,,,,,,,,,,,,,,False,,False
Heather,Mcintosh,heather.mcintosh202@digit.waikatoanimaloutreach.space,Ge3yAgSFYCaQ8c7,,/,,,,,,,,,,,,,,,,,,,,False,,False
Donald,Myers,donald.myers215@digit.waikatoanimaloutreach.space,Ge3yAgSFYCaQ8c7,,/,,,,,,,,,,,,,,,,,,,,False,,False
Henry,Goodman,henry.goodman582@digit.waikatoanimaloutreach.space,Ge3yAgSFYCaQ8c7,,/,,,,,,,,,,,,,,,,,,,,False,,False
Elizabeth,Clark,elizabeth.clark423@digit.waikatoanimaloutreach.space,Ge3yAgSFYCaQ8c7,,/,,,,,,,,,,,,,,,,,,,,False,,False
Mark,Johnson,mark.johnson471@digit.waikatoanimaloutreach.space,Ge3yAgSFYCaQ8c7,,/,,,,,,,,,,,,,,,,,,,,False,,False
Lisa,Gray,lisa.gray807@digit.waikatoanimaloutreach.space,Ge3yAgSFYCaQ8c7,,/,,,,,,,,,,,,,,,,,,,,False,,False
Cynthia,Scott,cynthia.scott40@digit.waikatoanimaloutreach.space,Ge3yAgSFYCaQ8c7,,/,,,,,,,,,,,,,,,,,,,,False,,False
Charles,Bradshaw,charles.bradshaw276@digit.waikatoanimaloutreach.space,Ge3yAgSFYCaQ8c7,,/,,,,,,,,,,,,,,,,,,,,False,,False
Rebecca,Gray,rebecca.gray390@digit.waikatoanimaloutreach.space,Ge3yAgSFYCaQ8c7,,/,,,,,,,,,,,,,,,,,,,,False,,False
David,Burgess,david.burgess127@digit.waikatoanimaloutreach.space,Ge3yAgSFYCaQ8c7,,/,,,,,,,,,,,,,,,,,,,,False,,False
Jeffery,Marsh,jeffery.marsh319@digit.waikatoanimaloutreach.space,Ge3yAgSFYCaQ8c7,,/,,,,,,,,,,,,,,,,,,,,False,,False
Allison,Woodward,allison.woodward483@digit.waikatoanimaloutreach.space,Ge3yAgSFYCaQ8c7,,/,,,,,,,,,,,,,,,,,,,,False,,False
Henry,Branch,henry.branch210@digit.waikatoanimaloutreach.space,Ge3yAgSFYCaQ8c7,,/,,,,,,,,,,,,,,,,,,,,False,,False
Penny,Smith,penny.smith360@digit.waikatoanimaloutreach.space,Ge3yAgSFYCaQ8c7,,/,,,,,,,,,,,,,,,,,,,,False,,False
Andrew,Glenn,andrew.glenn215@digit.waikatoanimaloutreach.space,Ge3yAgSFYCaQ8c7,,/,,,,,,,,,,,,,,,,,,,,False,,False
Jacqueline,Campbell,jacqueline.campbell503@digit.waikatoanimaloutreach.space,Ge3yAgSFYCaQ8c7,,/,,,,,,,,,,,,,,,,,,,,False,,False
Jose,Hendricks,jose.hendricks679@digit.waikatoanimaloutreach.space,Ge3yAgSFYCaQ8c7,,/,,,,,,,,,,,,,,,,,,,,False,,False
Jasmine,Booth,jasmine.booth849@digit.waikatoanimaloutreach.space,Ge3yAgSFYCaQ8c7,,/,,,,,,,,,,,,,,,,,,,,False,,False
Richard,Mccullough,richard.mccullough928@digit.waikatoanimaloutreach.space,Ge3yAgSFYCaQ8c7,,/,,,,,,,,,,,,,,,,,,,,False,,False
Rebecca,James,rebecca.james155@digit.waikatoanimaloutreach.space,Ge3yAgSFYCaQ8c7,,/,,,,,,,,,,,,,,,,,,,,False,,False
Thomas,Marquez,thomas.marquez836@digit.waikatoanimaloutreach.space,Ge3yAgSFYCaQ8c7,,/,,,,,,,,,,,,,,,,,,,,False,,False
Angela,Wiggins,angela.wiggins931@digit.waikatoanimaloutreach.space,Ge3yAgSFYCaQ8c7,,/,,,,,,,,,,,,,,,,,,,,False,,False
Karen,Duran,karen.duran678@digit.waikatoanimaloutreach.space,Ge3yAgSFYCaQ8c7,,/,,,,,,,,,,,,,,,,,,,,False,,False
Timothy,Wilson,timothy.wilson176@digit.waikatoanimaloutreach.space,Ge3yAgSFYCaQ8c7,,/,,,,,,,,,,,,,,,,,,,,False,,False
Andrea,Hill,andrea.hill294@digit.waikatoanimaloutreach.space,Ge3yAgSFYCaQ8c7,,/,,,,,,,,,,,,,,,,,,,,False,,False
Jennifer,Leonard,jennifer.leonard713@digit.waikatoanimaloutreach.space,Ge3yAgSFYCaQ8c7,,/,,,,,,,,,,,,,,,,,,,,False,,False
Michael,Walsh,michael.walsh118@digit.waikatoanimaloutreach.space,Ge3yAgSFYCaQ8c7,,/,,,,,,,,,,,,,,,,,,,,False,,False
Ralph,Smith,ralph.smith117@digit.waikatoanimaloutreach.space,Ge3yAgSFYCaQ8c7,,/,,,,,,,,,,,,,,,,,,,,False,,False
Teresa,Clark,teresa.clark280@digit.waikatoanimaloutreach.space,Ge3yAgSFYCaQ8c7,,/,,,,,,,,,,,,,,,,,,,,False,,False
Annette,Rodriguez,annette.rodriguez957@digit.waikatoanimaloutreach.space,Ge3yAgSFYCaQ8c7,,/,,,,,,,,,,,,,,,,,,,,False,,False
Peggy,Rivera,peggy.rivera238@digit.waikatoanimaloutreach.space,Ge3yAgSFYCaQ8c7,,/,,,,,,,,,,,,,,,,,,,,False,,False
Melissa,Watson,melissa.watson152@digit.waikatoanimaloutreach.space,Ge3yAgSFYCaQ8c7,,/,,,,,,,,,,,,,,,,,,,,False,,False
Courtney,Moore,courtney.moore270@digit.waikatoanimaloutreach.space,Ge3yAgSFYCaQ8c7,,/,,,,,,,,,,,,,,,,,,,,False,,False
Eileen,Garcia,eileen.garcia806@digit.waikatoanimaloutreach.space,Ge3yAgSFYCaQ8c7,,/,,,,,,,,,,,,,,,,,,,,False,,False
Amy,Hoffman,amy.hoffman372@digit.waikatoanimaloutreach.space,Ge3yAgSFYCaQ8c7,,/,,,,,,,,,,,,,,,,,,,,False,,False
Albert,Cardenas,albert.cardenas264@digit.waikatoanimaloutreach.space,Ge3yAgSFYCaQ8c7,,/,,,,,,,,,,,,,,,,,,,,False,,False
Dale,Sanchez,dale.sanchez156@digit.waikatoanimaloutreach.space,Ge3yAgSFYCaQ8c7,,/,,,,,,,,,,,,,,,,,,,,False,,False
Rachel,Wong,rachel.wong182@digit.waikatoanimaloutreach.space,Ge3yAgSFYCaQ8c7,,/,,,,,,,,,,,,,,,,,,,,False,,False
Michael,Snyder,michael.snyder87@digit.waikatoanimaloutreach.space,Ge3yAgSFYCaQ8c7,,/,,,,,,,,,,,,,,,,,,,,False,,False
Rachel,Trevino,rachel.trevino328@digit.waikatoanimaloutreach.space,Ge3yAgSFYCaQ8c7,,/,,,,,,,,,,,,,,,,,,,,False,,False
David,Hayes,david.hayes389@digit.waikatoanimaloutreach.space,Ge3yAgSFYCaQ8c7,,/,,,,,,,,,,,,,,,,,,,,False,,False
Cristian,Harris,cristian.harris249@digit.waikatoanimaloutreach.space,Ge3yAgSFYCaQ8c7,,/,,,,,,,,,,,,,,,,,,,,False,,False
Amanda,Garcia,amanda.garcia985@digit.waikatoanimaloutreach.space,Ge3yAgSFYCaQ8c7,,/,,,,,,,,,,,,,,,,,,,,False,,False
Rebecca,Wood,rebecca.wood657@digit.waikatoanimaloutreach.space,Ge3yAgSFYCaQ8c7,,/,,,,,,,,,,,,,,,,,,,,False,,False
Robin,Ritter,robin.ritter654@digit.waikatoanimaloutreach.space,Ge3yAgSFYCaQ8c7,,/,,,,,,,,,,,,,,,,,,,,False,,False
Crystal,Johnson,crystal.johnson780@digit.waikatoanimaloutreach.space,Ge3yAgSFYCaQ8c7,,/,,,,,,,,,,,,,,,,,,,,False,,False
Brian,Jackson,brian.jackson934@digit.waikatoanimaloutreach.space,Ge3yAgSFYCaQ8c7,,/,,,,,,,,,,,,,,,,,,,,False,,False
James,Conner,james.conner841@digit.waikatoanimaloutreach.space,Ge3yAgSFYCaQ8c7,,/,,,,,,,,,,,,,,,,,,,,False,,False
Gregory,Fields,gregory.fields294@digit.waikatoanimaloutreach.space,Ge3yAgSFYCaQ8c7,,/,,,,,,,,,,,,,,,,,,,,False,,False
Michael,Martin,michael.martin135@digit.waikatoanimaloutreach.space,Ge3yAgSFYCaQ8c7,,/,,,,,,,,,,,,,,,,,,,,False,,False
April,Khan,april.khan197@digit.waikatoanimaloutreach.space,Ge3yAgSFYCaQ8c7,,/,,,,,,,,,,,,,,,,,,,,False,,False
Elizabeth,Ponce,elizabeth.ponce973@digit.waikatoanimaloutreach.space,Ge3yAgSFYCaQ8c7,,/,,,,,,,,,,,,,,,,,,,,False,,False
Jeremy,Johnson,jeremy.johnson310@digit.waikatoanimaloutreach.space,Ge3yAgSFYCaQ8c7,,/,,,,,,,,,,,,,,,,,,,,False,,False
Timothy,Miller,timothy.miller634@digit.waikatoanimaloutreach.space,Ge3yAgSFYCaQ8c7,,/,,,,,,,,,,,,,,,,,,,,False,,False
Steven,Norris,steven.norris998@digit.waikatoanimaloutreach.space,Ge3yAgSFYCaQ8c7,,/,,,,,,,,,,,,,,,,,,,,False,,False
Megan,Snyder,megan.snyder65@digit.waikatoanimaloutreach.space,Ge3yAgSFYCaQ8c7,,/,,,,,,,,,,,,,,,,,,,,False,,False
Renee,Cook,renee.cook570@digit.waikatoanimaloutreach.space,Ge3yAgSFYCaQ8c7,,/,,,,,,,,,,,,,,,,,,,,False,,False
Bethany,Baker,bethany.baker189@digit.waikatoanimaloutreach.space,Ge3yAgSFYCaQ8c7,,/,,,,,,,,,,,,,,,,,,,,False,,False
David,Allen,david.allen255@digit.waikatoanimaloutreach.space,Ge3yAgSFYCaQ8c7,,/,,,,,,,,,,,,,,,,,,,,False,,False
Gabriella,Reid,gabriella.reid71@digit.waikatoanimaloutreach.space,Ge3yAgSFYCaQ8c7,,/,,,,,,,,,,,,,,,,,,,,False,,False
Renee,Wells,renee.wells688@digit.waikatoanimaloutreach.space,Ge3yAgSFYCaQ8c7,,/,,,,,,,,,,,,,,,,,,,,False,,False
Spencer,Foster,spencer.foster163@digit.waikatoanimaloutreach.space,Ge3yAgSFYCaQ8c7,,/,,,,,,,,,,,,,,,,,,,,False,,False
Daniel,Turner,daniel.turner22@digit.waikatoanimaloutreach.space,Ge3yAgSFYCaQ8c7,,/,,,,,,,,,,,,,,,,,,,,False,,False
Eric,Hampton,eric.hampton249@digit.waikatoanimaloutreach.space,Ge3yAgSFYCaQ8c7,,/,,,,,,,,,,,,,,,,,,,,False,,False
Cory,Lucero,cory.lucero932@digit.waikatoanimaloutreach.space,Ge3yAgSFYCaQ8c7,,/,,,,,,,,,,,,,,,,,,,,False,,False
Justin,Hill,justin.hill689@digit.waikatoanimaloutreach.space,Ge3yAgSFYCaQ8c7,,/,,,,,,,,,,,,,,,,,,,,False,,False
Jesse,Martin,jesse.martin437@digit.waikatoanimaloutreach.space,Ge3yAgSFYCaQ8c7,,/,,,,,,,,,,,,,,,,,,,,False,,False
Glenn,Wallace,glenn.wallace409@digit.waikatoanimaloutreach.space,Ge3yAgSFYCaQ8c7,,/,,,,,,,,,,,,,,,,,,,,False,,False
Gregory,Rogers,gregory.rogers947@digit.waikatoanimaloutreach.space,Ge3yAgSFYCaQ8c7,,/,,,,,,,,,,,,,,,,,,,,False,,False
Louis,Walker,louis.walker955@digit.waikatoanimaloutreach.space,Ge3yAgSFYCaQ8c7,,/,,,,,,,,,,,,,,,,,,,,False,,False
Andres,Jackson,andres.jackson235@digit.waikatoanimaloutreach.space,Ge3yAgSFYCaQ8c7,,/,,,,,,,,,,,,,,,,,,,,False,,False
Crystal,Sanders,crystal.sanders169@digit.waikatoanimaloutreach.space,Ge3yAgSFYCaQ8c7,,/,,,,,,,,,,,,,,,,,,,,False,,False
Sharon,Hernandez,sharon.hernandez21@digit.waikatoanimaloutreach.space,Ge3yAgSFYCaQ8c7,,/,,,,,,,,,,,,,,,,,,,,False,,False
Dorothy,Waters,dorothy.waters309@digit.waikatoanimaloutreach.space,Ge3yAgSFYCaQ8c7,,/,,,,,,,,,,,,,,,,,,,,False,,False
Kim,Smith,kim.smith148@digit.waikatoanimaloutreach.space,Ge3yAgSFYCaQ8c7,,/,,,,,,,,,,,,,,,,,,,,False,,False
Christine,Espinoza,christine.espinoza412@digit.waikatoanimaloutreach.space,Ge3yAgSFYCaQ8c7,,/,,,,,,,,,,,,,,,,,,,,False,,False
Stephanie,Knight,stephanie.knight932@digit.waikatoanimaloutreach.space,Ge3yAgSFYCaQ8c7,,/,,,,,,,,,,,,,,,,,,,,False,,False
Frederick,Jones,frederick.jones735@digit.waikatoanimaloutreach.space,Ge3yAgSFYCaQ8c7,,/,,,,,,,,,,,,,,,,,,,,False,,False
Jennifer,Brooks,jennifer.brooks165@digit.waikatoanimaloutreach.space,Ge3yAgSFYCaQ8c7,,/,,,,,,,,,,,,,,,,,,,,False,,False
Margaret,Jennings,margaret.jennings345@digit.waikatoanimaloutreach.space,Ge3yAgSFYCaQ8c7,,/,,,,,,,,,,,,,,,,,,,,False,,False
Amanda,Tanner,amanda.tanner482@digit.waikatoanimaloutreach.space,Ge3yAgSFYCaQ8c7,,/,,,,,,,,,,,,,,,,,,,,False,,False
Jeffrey,Carter,jeffrey.carter584@digit.waikatoanimaloutreach.space,Ge3yAgSFYCaQ8c7,,/,,,,,,,,,,,,,,,,,,,,False,,False
Jeremiah,Moore,jeremiah.moore852@digit.waikatoanimaloutreach.space,Ge3yAgSFYCaQ8c7,,/,,,,,,,,,,,,,,,,,,,,False,,False
John,Frazier,john.frazier53@digit.waikatoanimaloutreach.space,Ge3yAgSFYCaQ8c7,,/,,,,,,,,,,,,,,,,,,,,False,,False
Christopher,Guerrero,christopher.guerrero665@digit.waikatoanimaloutreach.space,Ge3yAgSFYCaQ8c7,,/,,,,,,,,,,,,,,,,,,,,False,,False
Cynthia,Thompson,cynthia.thompson470@digit.waikatoanimaloutreach.space,Ge3yAgSFYCaQ8c7,,/,,,,,,,,,,,,,,,,,,,,False,,False
Christopher,Santiago,christopher.santiago272@digit.waikatoanimaloutreach.space,Ge3yAgSFYCaQ8c7,,/,,,,,,,,,,,,,,,,,,,,False,,False
Erin,Jimenez,erin.jimenez398@digit.waikatoanimaloutreach.space,Ge3yAgSFYCaQ8c7,,/,,,,,,,,,,,,,,,,,,,,False,,False
Erik,Douglas,erik.douglas777@digit.waikatoanimaloutreach.space,Ge3yAgSFYCaQ8c7,,/,,,,,,,,,,,,,,,,,,,,False,,False
Todd,Campos,todd.campos353@digit.waikatoanimaloutreach.space,Ge3yAgSFYCaQ8c7,,/,,,,,,,,,,,,,,,,,,,,False,,False
Jessica,Walker,jessica.walker306@digit.waikatoanimaloutreach.space,Ge3yAgSFYCaQ8c7,,/,,,,,,,,,,,,,,,,,,,,False,,False
Phillip,Lopez,phillip.lopez939@digit.waikatoanimaloutreach.space,Ge3yAgSFYCaQ8c7,,/,,,,,,,,,,,,,,,,,,,,False,,False
Jason,Harris,jason.harris572@digit.waikatoanimaloutreach.space,Ge3yAgSFYCaQ8c7,,/,,,,,,,,,,,,,,,,,,,,False,,False
Susan,Juarez,susan.juarez144@digit.waikatoanimaloutreach.space,Ge3yAgSFYCaQ8c7,,/,,,,,,,,,,,,,,,,,,,,False,,False
Joshua,Mckay,joshua.mckay108@digit.waikatoanimaloutreach.space,Ge3yAgSFYCaQ8c7,,/,,,,,,,,,,,,,,,,,,,,False,,False
Matthew,Meadows,matthew.meadows695@digit.waikatoanimaloutreach.space,Ge3yAgSFYCaQ8c7,,/,,,,,,,,,,,,,,,,,,,,False,,False
Tamara,Dunn,tamara.dunn663@digit.waikatoanimaloutreach.space,Ge3yAgSFYCaQ8c7,,/,,,,,,,,,,,,,,,,,,,,False,,False
Brian,Conrad,brian.conrad119@digit.waikatoanimaloutreach.space,Ge3yAgSFYCaQ8c7,,/,,,,,,,,,,,,,,,,,,,,False,,False
Brittany,Evans,brittany.evans635@digit.waikatoanimaloutreach.space,Ge3yAgSFYCaQ8c7,,/,,,,,,,,,,,,,,,,,,,,False,,False
Holly,Jimenez,holly.jimenez333@digit.waikatoanimaloutreach.space,Ge3yAgSFYCaQ8c7,,/,,,,,,,,,,,,,,,,,,,,False,,False
Jesus,Brown,jesus.brown265@digit.waikatoanimaloutreach.space,Ge3yAgSFYCaQ8c7,,/,,,,,,,,,,,,,,,,,,,,False,,False
Kevin,Love,kevin.love552@digit.waikatoanimaloutreach.space,Ge3yAgSFYCaQ8c7,,/,,,,,,,,,,,,,,,,,,,,False,,False
Harold,Lamb,harold.lamb695@digit.waikatoanimaloutreach.space,Ge3yAgSFYCaQ8c7,,/,,,,,,,,,,,,,,,,,,,,False,,False
Brenda,Barnes,brenda.barnes384@digit.waikatoanimaloutreach.space,Ge3yAgSFYCaQ8c7,,/,,,,,,,,,,,,,,,,,,,,False,,False
Christine,Woods,christine.woods515@digit.waikatoanimaloutreach.space,Ge3yAgSFYCaQ8c7,,/,,,,,,,,,,,,,,,,,,,,False,,False
Marcus,Garcia,marcus.garcia842@digit.waikatoanimaloutreach.space,Ge3yAgSFYCaQ8c7,,/,,,,,,,,,,,,,,,,,,,,False,,False
Alan,Myers,alan.myers257@digit.waikatoanimaloutreach.space,Ge3yAgSFYCaQ8c7,,/,,,,,,,,,,,,,,,,,,,,False,,False
Daniel,Mcdaniel,daniel.mcdaniel124@digit.waikatoanimaloutreach.space,Ge3yAgSFYCaQ8c7,,/,,,,,,,,,,,,,,,,,,,,False,,False
Jay,Long,jay.long392@digit.waikatoanimaloutreach.space,Ge3yAgSFYCaQ8c7,,/,,,,,,,,,,,,,,,,,,,,False,,False
Jessica,Vega,jessica.vega931@digit.waikatoanimaloutreach.space,Ge3yAgSFYCaQ8c7,,/,,,,,,,,,,,,,,,,,,,,False,,False
Lisa,Collins,lisa.collins57@digit.waikatoanimaloutreach.space,Ge3yAgSFYCaQ8c7,,/,,,,,,,,,,,,,,,,,,,,False,,False
Laura,Patterson,laura.patterson143@digit.waikatoanimaloutreach.space,Ge3yAgSFYCaQ8c7,,/,,,,,,,,,,,,,,,,,,,,False,,False
Catherine,Williams,catherine.williams754@digit.waikatoanimaloutreach.space,Ge3yAgSFYCaQ8c7,,/,,,,,,,,,,,,,,,,,,,,False,,False
Carl,Williamson,carl.williamson89@digit.waikatoanimaloutreach.space,Ge3yAgSFYCaQ8c7,,/,,,,,,,,,,,,,,,,,,,,False,,False
Edward,Harris,edward.harris111@digit.waikatoanimaloutreach.space,Ge3yAgSFYCaQ8c7,,/,,,,,,,,,,,,,,,,,,,,False,,False
Brandi,Alvarado,brandi.alvarado594@digit.waikatoanimaloutreach.space,Ge3yAgSFYCaQ8c7,,/,,,,,,,,,,,,,,,,,,,,False,,False
Keith,Silva,keith.silva515@digit.waikatoanimaloutreach.space,Ge3yAgSFYCaQ8c7,,/,,,,,,,,,,,,,,,,,,,,False,,False
Jeremy,Leonard,jeremy.leonard404@digit.waikatoanimaloutreach.space,Ge3yAgSFYCaQ8c7,,/,,,,,,,,,,,,,,,,,,,,False,,False
Ronnie,Wilson,ronnie.wilson941@digit.waikatoanimaloutreach.space,Ge3yAgSFYCaQ8c7,,/,,,,,,,,,,,,,,,,,,,,False,,False
Jason,Sullivan,jason.sullivan206@digit.waikatoanimaloutreach.space,Ge3yAgSFYCaQ8c7,,/,,,,,,,,,,,,,,,,,,,,False,,False
Lisa,Harrell,lisa.harrell146@digit.waikatoanimaloutreach.space,Ge3yAgSFYCaQ8c7,,/,,,,,,,,,,,,,,,,,,,,False,,False
Lauren,Lindsey,lauren.lindsey763@digit.waikatoanimaloutreach.space,Ge3yAgSFYCaQ8c7,,/,,,,,,,,,,,,,,,,,,,,False,,False
Aaron,Freeman,aaron.freeman54@digit.waikatoanimaloutreach.space,Ge3yAgSFYCaQ8c7,,/,,,,,,,,,,,,,,,,,,,,False,,False
John,Tran,john.tran745@digit.waikatoanimaloutreach.space,Ge3yAgSFYCaQ8c7,,/,,,,,,,,,,,,,,,,,,,,False,,False
Nicole,Fowler,nicole.fowler831@digit.waikatoanimaloutreach.space,Ge3yAgSFYCaQ8c7,,/,,,,,,,,,,,,,,,,,,,,False,,False
Tracey,Brown,tracey.brown516@digit.waikatoanimaloutreach.space,Ge3yAgSFYCaQ8c7,,/,,,,,,,,,,,,,,,,,,,,False,,False
Thomas,Dean,thomas.dean2@digit.waikatoanimaloutreach.space,Ge3yAgSFYCaQ8c7,,/,,,,,,,,,,,,,,,,,,,,False,,False
Dawn,Garcia,dawn.garcia618@digit.waikatoanimaloutreach.space,Ge3yAgSFYCaQ8c7,,/,,,,,,,,,,,,,,,,,,,,False,,False
Amanda,Monroe,amanda.monroe108@digit.waikatoanimaloutreach.space,Ge3yAgSFYCaQ8c7,,/,,,,,,,,,,,,,,,,,,,,False,,False
Ashley,Jackson,ashley.jackson738@digit.waikatoanimaloutreach.space,Ge3yAgSFYCaQ8c7,,/,,,,,,,,,,,,,,,,,,,,False,,False
Tammy,Hess,tammy.hess932@digit.waikatoanimaloutreach.space,Ge3yAgSFYCaQ8c7,,/,,,,,,,,,,,,,,,,,,,,False,,False
Amanda,Brewer,amanda.brewer617@digit.waikatoanimaloutreach.space,Ge3yAgSFYCaQ8c7,,/,,,,,,,,,,,,,,,,,,,,False,,False
Pamela,Lopez,pamela.lopez408@digit.waikatoanimaloutreach.space,Ge3yAgSFYCaQ8c7,,/,,,,,,,,,,,,,,,,,,,,False,,False
Stephanie,Miranda,stephanie.miranda222@digit.waikatoanimaloutreach.space,Ge3yAgSFYCaQ8c7,,/,,,,,,,,,,,,,,,,,,,,False,,False
Natalie,Hill,natalie.hill112@digit.waikatoanimaloutreach.space,Ge3yAgSFYCaQ8c7,,/,,,,,,,,,,,,,,,,,,,,False,,False
David,Holland,david.holland868@digit.waikatoanimaloutreach.space,Ge3yAgSFYCaQ8c7,,/,,,,,,,,,,,,,,,,,,,,False,,False
Alexander,Sloan,alexander.sloan109@digit.waikatoanimaloutreach.space,Ge3yAgSFYCaQ8c7,,/,,,,,,,,,,,,,,,,,,,,False,,False
Alexander,Nichols,alexander.nichols446@digit.waikatoanimaloutreach.space,Ge3yAgSFYCaQ8c7,,/,,,,,,,,,,,,,,,,,,,,False,,False
Theresa,Kelley,theresa.kelley903@digit.waikatoanimaloutreach.space,Ge3yAgSFYCaQ8c7,,/,,,,,,,,,,,,,,,,,,,,False,,False
Michelle,Rogers,michelle.rogers226@digit.waikatoanimaloutreach.space,Ge3yAgSFYCaQ8c7,,/,,,,,,,,,,,,,,,,,,,,False,,False
Paul,Wells,paul.wells648@digit.waikatoanimaloutreach.space,Ge3yAgSFYCaQ8c7,,/,,,,,,,,,,,,,,,,,,,,False,,False
Brooke,Robinson,brooke.robinson557@digit.waikatoanimaloutreach.space,Ge3yAgSFYCaQ8c7,,/,,,,,,,,,,,,,,,,,,,,False,,False
Miguel,Rivera,miguel.rivera556@digit.waikatoanimaloutreach.space,Ge3yAgSFYCaQ8c7,,/,,,,,,,,,,,,,,,,,,,,False,,False
Antonio,Webb,antonio.webb825@digit.waikatoanimaloutreach.space,Ge3yAgSFYCaQ8c7,,/,,,,,,,,,,,,,,,,,,,,False,,False
Jonathan,Shelton,jonathan.shelton377@digit.waikatoanimaloutreach.space,Ge3yAgSFYCaQ8c7,,/,,,,,,,,,,,,,,,,,,,,False,,False
Dana,Sexton,dana.sexton76@digit.waikatoanimaloutreach.space,Ge3yAgSFYCaQ8c7,,/,,,,,,,,,,,,,,,,,,,,False,,False
Brenda,Brown,brenda.brown668@digit.waikatoanimaloutreach.space,Ge3yAgSFYCaQ8c7,,/,,,,,,,,,,,,,,,,,,,,False,,False
Tiffany,Harris,tiffany.harris675@digit.waikatoanimaloutreach.space,Ge3yAgSFYCaQ8c7,,/,,,,,,,,,,,,,,,,,,,,False,,False
James,Beasley,james.beasley182@digit.waikatoanimaloutreach.space,Ge3yAgSFYCaQ8c7,,/,,,,,,,,,,,,,,,,,,,,False,,False
Amanda,Randolph,amanda.randolph445@digit.waikatoanimaloutreach.space,Ge3yAgSFYCaQ8c7,,/,,,,,,,,,,,,,,,,,,,,False,,False
Michael,Montoya,michael.montoya967@digit.waikatoanimaloutreach.space,Ge3yAgSFYCaQ8c7,,/,,,,,,,,,,,,,,,,,,,,False,,False
Peter,Owens,peter.owens429@digit.waikatoanimaloutreach.space,Ge3yAgSFYCaQ8c7,,/,,,,,,,,,,,,,,,,,,,,False,,False
Raymond,Clayton,raymond.clayton649@digit.waikatoanimaloutreach.space,Ge3yAgSFYCaQ8c7,,/,,,,,,,,,,,,,,,,,,,,False,,False
Kristina,Vincent,kristina.vincent712@digit.waikatoanimaloutreach.space,Ge3yAgSFYCaQ8c7,,/,,,,,,,,,,,,,,,,,,,,False,,False
Michael,Perez,michael.perez291@digit.waikatoanimaloutreach.space,Ge3yAgSFYCaQ8c7,,/,,,,,,,,,,,,,,,,,,,,False,,False
Grace,Dawson,grace.dawson956@digit.waikatoanimaloutreach.space,Ge3yAgSFYCaQ8c7,,/,,,,,,,,,,,,,,,,,,,,False,,False
Patricia,Anderson,patricia.anderson825@digit.waikatoanimaloutreach.space,Ge3yAgSFYCaQ8c7,,/,,,,,,,,,,,,,,,,,,,,False,,False
Linda,Wright,linda.wright908@digit.waikatoanimaloutreach.space,Ge3yAgSFYCaQ8c7,,/,,,,,,,,,,,,,,,,,,,,False,,False
Cindy,Tyler,cindy.tyler121@digit.waikatoanimaloutreach.space,Ge3yAgSFYCaQ8c7,,/,,,,,,,,,,,,,,,,,,,,False,,False
Nathaniel,Fox,nathaniel.fox867@digit.waikatoanimaloutreach.space,Ge3yAgSFYCaQ8c7,,/,,,,,,,,,,,,,,,,,,,,False,,False
Jasmine,Oconnor,jasmine.oconnor877@digit.waikatoanimaloutreach.space,Ge3yAgSFYCaQ8c7,,/,,,,,,,,,,,,,,,,,,,,False,,False
Lori,Gray,lori.gray701@digit.waikatoanimaloutreach.space,Ge3yAgSFYCaQ8c7,,/,,,,,,,,,,,,,,,,,,,,False,,False
Douglas,Huerta,douglas.huerta176@digit.waikatoanimaloutreach.space,Ge3yAgSFYCaQ8c7,,/,,,,,,,,,,,,,,,,,,,,False,,False
Derek,Davis,derek.davis760@digit.waikatoanimaloutreach.space,Ge3yAgSFYCaQ8c7,,/,,,,,,,,,,,,,,,,,,,,False,,False
Yolanda,Kramer,yolanda.kramer382@digit.waikatoanimaloutreach.space,Ge3yAgSFYCaQ8c7,,/,,,,,,,,,,,,,,,,,,,,False,,False
Pamela,Martinez,pamela.martinez203@digit.waikatoanimaloutreach.space,Ge3yAgSFYCaQ8c7,,/,,,,,,,,,,,,,,,,,,,,False,,False
Rachel,Blair,rachel.blair912@digit.waikatoanimaloutreach.space,Ge3yAgSFYCaQ8c7,,/,,,,,,,,,,,,,,,,,,,,False,,False
Kimberly,Baker,kimberly.baker713@digit.waikatoanimaloutreach.space,Ge3yAgSFYCaQ8c7,,/,,,,,,,,,,,,,,,,,,,,False,,False
Maria,Brown,maria.brown545@digit.waikatoanimaloutreach.space,Ge3yAgSFYCaQ8c7,,/,,,,,,,,,,,,,,,,,,,,False,,False
Nina,Morrison,nina.morrison663@digit.waikatoanimaloutreach.space,Ge3yAgSFYCaQ8c7,,/,,,,,,,,,,,,,,,,,,,,False,,False
Timothy,Gay,timothy.gay672@digit.waikatoanimaloutreach.space,Ge3yAgSFYCaQ8c7,,/,,,,,,,,,,,,,,,,,,,,False,,False
Bobby,Craig,bobby.craig687@digit.waikatoanimaloutreach.space,Ge3yAgSFYCaQ8c7,,/,,,,,,,,,,,,,,,,,,,,False,,False
Stephen,Webster,stephen.webster463@digit.waikatoanimaloutreach.space,Ge3yAgSFYCaQ8c7,,/,,,,,,,,,,,,,,,,,,,,False,,False
Candace,Moore,candace.moore533@digit.waikatoanimaloutreach.space,Ge3yAgSFYCaQ8c7,,/,,,,,,,,,,,,,,,,,,,,False,,False
Anne,Martin,anne.martin92@digit.waikatoanimaloutreach.space,Ge3yAgSFYCaQ8c7,,/,,,,,,,,,,,,,,,,,,,,False,,False
Connor,Kim,connor.kim892@digit.waikatoanimaloutreach.space,Ge3yAgSFYCaQ8c7,,/,,,,,,,,,,,,,,,,,,,,False,,False
Kimberly,Wolf,kimberly.wolf382@digit.waikatoanimaloutreach.space,Ge3yAgSFYCaQ8c7,,/,,,,,,,,,,,,,,,,,,,,False,,False
Shelly,Montoya,shelly.montoya11@digit.waikatoanimaloutreach.space,Ge3yAgSFYCaQ8c7,,/,,,,,,,,,,,,,,,,,,,,False,,False
Kelly,Olsen,kelly.olsen150@digit.waikatoanimaloutreach.space,Ge3yAgSFYCaQ8c7,,/,,,,,,,,,,,,,,,,,,,,False,,False
Chelsea,Johnson,chelsea.johnson139@digit.waikatoanimaloutreach.space,Ge3yAgSFYCaQ8c7,,/,,,,,,,,,,,,,,,,,,,,False,,False
Daniel,Peterson,daniel.peterson255@digit.waikatoanimaloutreach.space,Ge3yAgSFYCaQ8c7,,/,,,,,,,,,,,,,,,,,,,,False,,False
Joy,Smith,joy.smith330@digit.waikatoanimaloutreach.space,Ge3yAgSFYCaQ8c7,,/,,,,,,,,,,,,,,,,,,,,False,,False
Timothy,Mccormick,timothy.mccormick809@digit.waikatoanimaloutreach.space,Ge3yAgSFYCaQ8c7,,/,,,,,,,,,,,,,,,,,,,,False,,False
Jennifer,Palmer,jennifer.palmer725@digit.waikatoanimaloutreach.space,Ge3yAgSFYCaQ8c7,,/,,,,,,,,,,,,,,,,,,,,False,,False
Jose,Gibson,jose.gibson570@digit.waikatoanimaloutreach.space,Ge3yAgSFYCaQ8c7,,/,,,,,,,,,,,,,,,,,,,,False,,False
Jessica,Dunn,jessica.dunn910@digit.waikatoanimaloutreach.space,Ge3yAgSFYCaQ8c7,,/,,,,,,,,,,,,,,,,,,,,False,,False
Gabriel,Payne,gabriel.payne615@digit.waikatoanimaloutreach.space,Ge3yAgSFYCaQ8c7,,/,,,,,,,,,,,,,,,,,,,,False,,False
Jonathan,Dunlap,jonathan.dunlap485@digit.waikatoanimaloutreach.space,Ge3yAgSFYCaQ8c7,,/,,,,,,,,,,,,,,,,,,,,False,,False
Kimberly,Smith,kimberly.smith751@digit.waikatoanimaloutreach.space,Ge3yAgSFYCaQ8c7,,/,,,,,,,,,,,,,,,,,,,,False,,False
Robert,Hayden,robert.hayden710@digit.waikatoanimaloutreach.space,Ge3yAgSFYCaQ8c7,,/,,,,,,,,,,,,,,,,,,,,False,,False
James,Robinson,james.robinson425@digit.waikatoanimaloutreach.space,Ge3yAgSFYCaQ8c7,,/,,,,,,,,,,,,,,,,,,,,False,,False
Heather,Cox,heather.cox971@digit.waikatoanimaloutreach.space,Ge3yAgSFYCaQ8c7,,/,,,,,,,,,,,,,,,,,,,,False,,False
Donna,Simmons,donna.simmons752@digit.waikatoanimaloutreach.space,Ge3yAgSFYCaQ8c7,,/,,,,,,,,,,,,,,,,,,,,False,,False
Patricia,Cooper,patricia.cooper639@digit.waikatoanimaloutreach.space,Ge3yAgSFYCaQ8c7,,/,,,,,,,,,,,,,,,,,,,,False,,False
Daniel,Taylor,daniel.taylor871@digit.waikatoanimaloutreach.space,Ge3yAgSFYCaQ8c7,,/,,,,,,,,,,,,,,,,,,,,False,,False
Janice,Travis,janice.travis332@digit.waikatoanimaloutreach.space,Ge3yAgSFYCaQ8c7,,/,,,,,,,,,,,,,,,,,,,,False,,False
Carol,Petersen,carol.petersen303@digit.waikatoanimaloutreach.space,Ge3yAgSFYCaQ8c7,,/,,,,,,,,,,,,,,,,,,,,False,,False
Laura,Brooks,laura.brooks607@digit.waikatoanimaloutreach.space,Ge3yAgSFYCaQ8c7,,/,,,,,,,,,,,,,,,,,,,,False,,False
Charles,Johnson,charles.johnson231@digit.waikatoanimaloutreach.space,Ge3yAgSFYCaQ8c7,,/,,,,,,,,,,,,,,,,,,,,False,,False
Ashley,Lewis,ashley.lewis567@digit.waikatoanimaloutreach.space,Ge3yAgSFYCaQ8c7,,/,,,,,,,,,,,,,,,,,,,,False,,False
Monica,Berry,monica.berry219@digit.waikatoanimaloutreach.space,Ge3yAgSFYCaQ8c7,,/,,,,,,,,,,,,,,,,,,,,False,,False
Kimberly,Harris,kimberly.harris342@digit.waikatoanimaloutreach.space,Ge3yAgSFYCaQ8c7,,/,,,,,,,,,,,,,,,,,,,,False,,False
Carolyn,Lane,carolyn.lane507@digit.waikatoanimaloutreach.space,Ge3yAgSFYCaQ8c7,,/,,,,,,,,,,,,,,,,,,,,False,,False
Keith,White,keith.white177@digit.waikatoanimaloutreach.space,Ge3yAgSFYCaQ8c7,,/,,,,,,,,,,,,,,,,,,,,False,,False
Barbara,Webb,barbara.webb593@digit.waikatoanimaloutreach.space,Ge3yAgSFYCaQ8c7,,/,,,,,,,,,,,,,,,,,,,,False,,False
Nicholas,Caldwell,nicholas.caldwell185@digit.waikatoanimaloutreach.space,Ge3yAgSFYCaQ8c7,,/,,,,,,,,,,,,,,,,,,,,False,,False
Kayla,Guzman,kayla.guzman128@digit.waikatoanimaloutreach.space,Ge3yAgSFYCaQ8c7,,/,,,,,,,,,,,,,,,,,,,,False,,False
Heather,Cooper,heather.cooper397@digit.waikatoanimaloutreach.space,Ge3yAgSFYCaQ8c7,,/,,,,,,,,,,,,,,,,,,,,False,,False
Jacqueline,Frazier,jacqueline.frazier881@digit.waikatoanimaloutreach.space,Ge3yAgSFYCaQ8c7,,/,,,,,,,,,,,,,,,,,,,,False,,False
Jacob,Huff,jacob.huff881@digit.waikatoanimaloutreach.space,Ge3yAgSFYCaQ8c7,,/,,,,,,,,,,,,,,,,,,,,False,,False
Douglas,Kim,douglas.kim430@digit.waikatoanimaloutreach.space,Ge3yAgSFYCaQ8c7,,/,,,,,,,,,,,,,,,,,,,,False,,False
Yolanda,Harding,yolanda.harding168@digit.waikatoanimaloutreach.space,Ge3yAgSFYCaQ8c7,,/,,,,,,,,,,,,,,,,,,,,False,,False
Christian,Coleman,christian.coleman142@digit.waikatoanimaloutreach.space,Ge3yAgSFYCaQ8c7,,/,,,,,,,,,,,,,,,,,,,,False,,False
Jennifer,Young,jennifer.young898@digit.waikatoanimaloutreach.space,Ge3yAgSFYCaQ8c7,,/,,,,,,,,,,,,,,,,,,,,False,,False
Ryan,Mayo,ryan.mayo398@digit.waikatoanimaloutreach.space,Ge3yAgSFYCaQ8c7,,/,,,,,,,,,,,,,,,,,,,,False,,False
Ryan,Moreno,ryan.moreno54@digit.waikatoanimaloutreach.space,Ge3yAgSFYCaQ8c7,,/,,,,,,,,,,,,,,,,,,,,False,,False
Laura,Reid,laura.reid636@digit.waikatoanimaloutreach.space,Ge3yAgSFYCaQ8c7,,/,,,,,,,,,,,,,,,,,,,,False,,False
